{
  "action": {
    "precision": 0.990990990990991,
    "recall": 1.0,
    "f1-score": 0.9954751131221719,
    "support": 220
  },
  "hierarchy_number": {
    "precision": 1.0,
    "recall": 0.9,
    "f1-score": 0.9473684210526316,
    "support": 20
  },
  "signal": {
    "precision": 0.875,
    "recall": 1.0,
    "f1-score": 0.9333333333333333,
    "support": 7
  },
  "priority": {
    "precision": 1.0,
    "recall": 0.25,
    "f1-score": 0.4,
    "support": 16
  },
  "location": {
    "precision": 0.9944444444444445,
    "recall": 0.93717277486911,
    "f1-score": 0.9649595687331536,
    "support": 191
  },
  "time": {
    "precision": 0.9583333333333334,
    "recall": 0.9928057553956835,
    "f1-score": 0.9752650176678445,
    "support": 139
  },
  "rank": {
    "precision": 0.9230769230769231,
    "recall": 1.0,
    "f1-score": 0.9600000000000001,
    "support": 24
  },
  "appliance": {
    "precision": 0.9951219512195122,
    "recall": 1.0,
    "f1-score": 0.9975550122249389,
    "support": 204
  },
  "good": {
    "precision": 0.6666666666666666,
    "recall": 0.8,
    "f1-score": 0.7272727272727272,
    "support": 10
  },
  "number": {
    "precision": 0.9848484848484849,
    "recall": 0.9848484848484849,
    "f1-score": 0.9848484848484849,
    "support": 66
  },
  "info": {
    "precision": 0.9769230769230769,
    "recall": 1.0,
    "f1-score": 0.9883268482490272,
    "support": 127
  },
  "name": {
    "precision": 0.0,
    "recall": 0.0,
    "f1-score": 0.0,
    "support": 4
  },
  "unit": {
    "precision": 1.0,
    "recall": 1.0,
    "f1-score": 1.0,
    "support": 48
  },
  "micro avg": {
    "precision": 0.980244590780809,
    "recall": 0.9684014869888475,
    "f1-score": 0.9742870500233753,
    "support": 1076
  },
  "macro avg": {
    "precision": 0.8742619901156486,
    "recall": 0.8357559242394829,
    "f1-score": 0.8364926558849473,
    "support": 1076
  },
  "weighted avg": {
    "precision": 0.9778669720062866,
    "recall": 0.9684014869888475,
    "f1-score": 0.9694105959287804,
    "support": 1076
  }
}